DATETIME,game_name,broadcaster_cnt,total_broadcaster_cnt,viewer_cnt,Total_twitch_viewer,language,user_ids,user_names,tags_unique
23-06-01 142744(hhmmss KST),BATTLETECH,1,78255,6,1545835,"{""en"":1}",['ribsi'],['Ribsi'],"['Australia', 'English', 'mechs']"
23-06-01 143759(hhmmss KST),BATTLETECH,1,75785,6,1521355,"{""en"":1}",['ribsi'],['Ribsi'],"['Australia', 'English', 'mechs']"
23-06-01 144149(hhmmss KST),BATTLETECH,1,74921,4,1517175,"{""en"":1}",['ribsi'],['Ribsi'],"['Australia', 'English', 'mechs']"
23-06-01 150100(hhmmss KST),BATTLETECH,1,70208,8,1435906,"{""en"":1}",['ribsi'],['Ribsi'],"['Australia', 'English', 'mechs']"
23-06-01 151830(hhmmss KST),BATTLETECH,1,66227,6,1365723,"{""en"":1}",['ribsi'],['Ribsi'],"['Australia', 'English', 'mechs']"
23-06-01 153554(hhmmss KST),BATTLETECH,1,63363,8,1309148,"{""en"":1}",['ribsi'],['Ribsi'],"['Australia', 'English', 'mechs']"
23-06-01 155310(hhmmss KST),BATTLETECH,0,60244,0,1256378,{},[],[],[]
23-06-01 162336(hhmmss KST),BATTLETECH,0,55734,0,1219460,{},[],[],[]
23-06-01 164052(hhmmss KST),BATTLETECH,0,53865,0,1226182,{},[],[],[]
23-06-01 165750(hhmmss KST),BATTLETECH,0,52064,0,1214767,{},[],[],[]
23-06-01 171609(hhmmss KST),BATTLETECH,0,50466,0,1170271,{},[],[],[]
23-06-01 173058(hhmmss KST),BATTLETECH,0,49566,0,1206755,{},[],[],[]
23-06-01 173300(hhmmss KST),BATTLETECH,0,49405,0,1207261,{},[],[],[]
23-06-01 174749(hhmmss KST),BATTLETECH,0,48711,0,1192453,{},[],[],[]
23-06-01 174949(hhmmss KST),BATTLETECH,0,48508,0,1191605,{},[],[],[]
23-06-01 180437(hhmmss KST),BATTLETECH,0,48230,0,1227030,{},[],[],[]
23-06-01 180637(hhmmss KST),BATTLETECH,0,48091,0,1222759,{},[],[],[]
23-06-01 182124(hhmmss KST),BATTLETECH,0,47643,0,1200370,{},[],[],[]
23-06-01 182324(hhmmss KST),BATTLETECH,0,47533,0,1202358,{},[],[],[]
23-06-01 183809(hhmmss KST),BATTLETECH,0,47091,0,1249384,{},[],[],[]
23-06-01 184011(hhmmss KST),BATTLETECH,0,47134,0,1248240,{},[],[],[]
23-06-01 185456(hhmmss KST),BATTLETECH,0,47139,0,1291160,{},[],[],[]
23-06-01 185657(hhmmss KST),BATTLETECH,0,47184,0,1288305,{},[],[],[]
23-06-01 191145(hhmmss KST),BATTLETECH,0,47741,0,1324388,{},[],[],[]
23-06-01 191344(hhmmss KST),BATTLETECH,0,47859,0,1337895,{},[],[],[]
23-06-01 192835(hhmmss KST),BATTLETECH,0,48267,0,1385603,{},[],[],[]
23-06-01 193034(hhmmss KST),BATTLETECH,0,48291,0,1383806,{},[],[],[]
23-06-01 194524(hhmmss KST),BATTLETECH,0,48805,0,1436602,{},[],[],[]
23-06-01 194725(hhmmss KST),BATTLETECH,0,48813,0,1451833,{},[],[],[]
23-06-01 200224(hhmmss KST),BATTLETECH,1,50093,0,1467920,"{""en"":1}",['aaahgaming'],['AAAHGaming'],"['Battletech', 'BritishRedCross', 'Charity', 'English', 'Mech', 'Mechcommander', 'Mechs', 'Mechwarrior', 'Strategy', 'scifi']"
23-06-01 200424(hhmmss KST),BATTLETECH,1,50382,0,1457780,"{""en"":1}",['aaahgaming'],['AAAHGaming'],"['Battletech', 'BritishRedCross', 'Charity', 'English', 'Mech', 'Mechcommander', 'Mechs', 'Mechwarrior', 'Strategy', 'scifi']"
23-06-01 201926(hhmmss KST),BATTLETECH,0,51612,0,1501929,{},[],[],[]
23-06-01 202129(hhmmss KST),BATTLETECH,1,51873,2,1537116,"{""en"":1}",['aaahgaming'],['AAAHGaming'],"['Battletech', 'BritishRedCross', 'Charity', 'English', 'Mech', 'Mechcommander', 'Mechs', 'Mechwarrior', 'Strategy', 'scifi']"
23-06-01 203636(hhmmss KST),BATTLETECH,1,53211,3,1574082,"{""en"":1}",['aaahgaming'],['AAAHGaming'],"['Battletech', 'BritishRedCross', 'Charity', 'English', 'Mech', 'Mechcommander', 'Mechs', 'Mechwarrior', 'Strategy', 'scifi']"
23-06-01 203848(hhmmss KST),BATTLETECH,1,53631,2,1597775,"{""en"":1}",['aaahgaming'],['AAAHGaming'],"['Battletech', 'BritishRedCross', 'Charity', 'English', 'Mech', 'Mechcommander', 'Mechs', 'Mechwarrior', 'Strategy', 'scifi']"
23-06-01 205352(hhmmss KST),BATTLETECH,1,55260,3,1678240,"{""en"":1}",['aaahgaming'],['AAAHGaming'],"['Battletech', 'BritishRedCross', 'Charity', 'English', 'Mech', 'Mechcommander', 'Mechs', 'Mechwarrior', 'Strategy', 'scifi']"
23-06-01 205609(hhmmss KST),BATTLETECH,1,55367,3,1681106,"{""en"":1}",['aaahgaming'],['AAAHGaming'],"['Battletech', 'BritishRedCross', 'Charity', 'English', 'Mech', 'Mechcommander', 'Mechs', 'Mechwarrior', 'Strategy', 'scifi']"
23-06-01 210522(hhmmss KST),BATTLETECH,1,57650,3,1690181,"{""en"":1}",['aaahgaming'],['AAAHGaming'],"['Battletech', 'BritishRedCross', 'Charity', 'English', 'Mech', 'Mechcommander', 'Mechs', 'Mechwarrior', 'Strategy', 'scifi']"
23-06-01 211108(hhmmss KST),BATTLETECH,1,58727,2,1754375,"{""en"":1}",['aaahgaming'],['AAAHGaming'],"['Battletech', 'BritishRedCross', 'Charity', 'English', 'Mech', 'Mechcommander', 'Mechs', 'Mechwarrior', 'Strategy', 'scifi']"
23-06-01 211331(hhmmss KST),BATTLETECH,1,59242,3,1769612,"{""en"":1}",['aaahgaming'],['AAAHGaming'],"['Battletech', 'BritishRedCross', 'Charity', 'English', 'Mech', 'Mechcommander', 'Mechs', 'Mechwarrior', 'Strategy', 'scifi']"
23-06-01 212831(hhmmss KST),BATTLETECH,1,61703,2,1847261,"{""en"":1}",['aaahgaming'],['AAAHGaming'],"['Battletech', 'BritishRedCross', 'Charity', 'English', 'Mech', 'Mechcommander', 'Mechs', 'Mechwarrior', 'Strategy', 'scifi']"
23-06-01 213057(hhmmss KST),BATTLETECH,1,62166,3,1844831,"{""en"":1}",['aaahgaming'],['AAAHGaming'],"['Battletech', 'BritishRedCross', 'Charity', 'English', 'Mech', 'Mechcommander', 'Mechs', 'Mechwarrior', 'Strategy', 'scifi']"
23-06-01 214643(hhmmss KST),BATTLETECH,1,64528,2,1909852,"{""en"":1}",['aaahgaming'],['AAAHGaming'],"['Battletech', 'BritishRedCross', 'Charity', 'English', 'Mech', 'Mechcommander', 'Mechs', 'Mechwarrior', 'Strategy', 'scifi']"
23-06-01 214946(hhmmss KST),BATTLETECH,1,65025,2,1932127,"{""en"":1}",['aaahgaming'],['AAAHGaming'],"['Battletech', 'BritishRedCross', 'Charity', 'English', 'Mech', 'Mechcommander', 'Mechs', 'Mechwarrior', 'Strategy', 'scifi']"
23-06-01 220444(hhmmss KST),BATTLETECH,2,68224,8,1957399,"{""en"":2}","['aaahgaming', 'nerd_herd_streaming']","['AAAHGaming', 'Nerd_Herd_Streaming']","['Battletech', 'BritishRedCross', 'Charity', 'English', 'Mech', 'Mechcommander', 'Mechs', 'Mechwarrior', 'Strategy', 'scifi']"
23-06-01 220751(hhmmss KST),BATTLETECH,1,68793,3,1953903,"{""en"":1}",['nerd_herd_streaming'],['Nerd_Herd_Streaming'],['English']
23-06-01 222249(hhmmss KST),BATTLETECH,1,71271,5,2025710,"{""en"":1}",['nerd_herd_streaming'],['Nerd_Herd_Streaming'],['English']
23-06-01 222548(hhmmss KST),BATTLETECH,1,71622,5,2037116,"{""en"":1}",['nerd_herd_streaming'],['Nerd_Herd_Streaming'],['English']
23-06-01 224105(hhmmss KST),BATTLETECH,1,74641,6,2105707,"{""en"":1}",['nerd_herd_streaming'],['Nerd_Herd_Streaming'],['English']
23-06-01 224431(hhmmss KST),BATTLETECH,0,74440,0,2123614,{},[],[],[]
23-06-01 225923(hhmmss KST),BATTLETECH,1,76594,10,2154677,"{""en"":1}",['nerd_herd_streaming'],['Nerd_Herd_Streaming'],['English']
23-06-01 230259(hhmmss KST),BATTLETECH,1,77753,9,2173622,"{""en"":1}",['nerd_herd_streaming'],['Nerd_Herd_Streaming'],['English']
23-06-01 231759(hhmmss KST),BATTLETECH,1,79534,15,2196992,"{""en"":1}",['nerd_herd_streaming'],['Nerd_Herd_Streaming'],['English']
23-06-01 232124(hhmmss KST),BATTLETECH,1,79494,4,2236514,"{""en"":1}",['nerd_herd_streaming'],['Nerd_Herd_Streaming'],['English']
23-06-01 233632(hhmmss KST),BATTLETECH,1,81712,6,2283621,"{""en"":1}",['nerd_herd_streaming'],['Nerd_Herd_Streaming'],['English']
23-06-01 234005(hhmmss KST),BATTLETECH,1,81796,6,2285699,"{""en"":1}",['nerd_herd_streaming'],['Nerd_Herd_Streaming'],['English']
23-06-01 235506(hhmmss KST),BATTLETECH,0,82641,0,2356227,{},[],[],[]
23-06-01 235840(hhmmss KST),BATTLETECH,0,83105,0,2357763,{},[],[],[]
23-06-02 001349(hhmmss KST),BATTLETECH,0,84227,0,2401855,{},[],[],[]
23-06-02 001726(hhmmss KST),BATTLETECH,0,84145,0,2441128,{},[],[],[]
23-06-02 003221(hhmmss KST),BATTLETECH,0,85119,0,2530058,{},[],[],[]
23-06-02 003552(hhmmss KST),BATTLETECH,0,85577,0,2513745,{},[],[],[]
23-06-02 005043(hhmmss KST),BATTLETECH,0,86399,0,2623547,{},[],[],[]
23-06-02 005409(hhmmss KST),BATTLETECH,0,86151,0,2626692,{},[],[],[]
23-06-02 010910(hhmmss KST),BATTLETECH,0,88900,0,2696575,{},[],[],[]
23-06-02 011237(hhmmss KST),BATTLETECH,0,89581,0,2725649,{},[],[],[]
23-06-02 012738(hhmmss KST),BATTLETECH,0,90612,0,2743028,{},[],[],[]
23-06-02 013110(hhmmss KST),BATTLETECH,0,90954,0,2786010,{},[],[],[]
23-06-02 014611(hhmmss KST),BATTLETECH,0,92074,0,2835307,{},[],[],[]
23-06-02 014944(hhmmss KST),BATTLETECH,0,92640,0,2828190,{},[],[],[]
23-06-02 020452(hhmmss KST),BATTLETECH,1,95856,4,2912569,"{""en"":1}",['wabalabalam'],['Wabalabalam'],['English']
23-06-02 020833(hhmmss KST),BATTLETECH,2,96134,12,2918405,"{""en"":2}","['wabalabalam', 'shmoopsotternonsense']","['Wabalabalam', 'ShmoopsOtterNonsense']","['Chatty', 'DisabledVeteran', 'English', 'LGBTQIAAlly', 'MentalHealthHaven', 'Vtuber']"
23-06-02 022333(hhmmss KST),BATTLETECH,2,96987,27,2992881,"{""en"":2}","['shmoopsotternonsense', 'wabalabalam']","['ShmoopsOtterNonsense', 'Wabalabalam']","['Chatty', 'DisabledVeteran', 'English', 'LGBTQIAAlly', 'MentalHealthHaven', 'Vtuber']"
23-06-02 022716(hhmmss KST),BATTLETECH,2,97114,24,2954655,"{""en"":2}","['shmoopsotternonsense', 'wabalabalam']","['ShmoopsOtterNonsense', 'Wabalabalam']","['Chatty', 'DisabledVeteran', 'English', 'LGBTQIAAlly', 'MentalHealthHaven', 'Vtuber']"
23-06-02 024220(hhmmss KST),BATTLETECH,1,98992,16,2973066,"{""en"":1}",['wabalabalam'],['Wabalabalam'],['English']
23-06-02 024607(hhmmss KST),BATTLETECH,3,99571,38,2993914,"{""en"":3}","['shmoopsotternonsense', 'wabalabalam', 'mellowhorizons']","['ShmoopsOtterNonsense', 'Wabalabalam', 'mellowhorizons']","['Chatty', 'DisabledVeteran', 'English', 'LGBTQIAAlly', 'MentalHealthHaven', 'Vtuber']"
23-06-02 030114(hhmmss KST),BATTLETECH,4,102049,49,3109502,"{""en"":4}","['shmoopsotternonsense', 'wabalabalam', 'mellowhorizons', 'blacklotusgodking']","['ShmoopsOtterNonsense', 'Wabalabalam', 'mellowhorizons', 'BlacklotusGodking']","['420FriendlyStreamer', 'AMA', 'Chatty', 'DisabledVeteran', 'English', 'LGBTQIAAlly', 'Mature', 'MentalHealthHaven', 'Vtuber', 'chatty', 'chill']"
23-06-02 030511(hhmmss KST),BATTLETECH,4,103251,53,3126921,"{""en"":4}","['shmoopsotternonsense', 'wabalabalam', 'mellowhorizons', 'blacklotusgodking']","['ShmoopsOtterNonsense', 'Wabalabalam', 'mellowhorizons', 'BlacklotusGodking']","['420FriendlyStreamer', 'AMA', 'Chatty', 'DisabledVeteran', 'English', 'LGBTQIAAlly', 'Mature', 'MentalHealthHaven', 'Vtuber', 'chatty', 'chill']"
23-06-02 032017(hhmmss KST),BATTLETECH,4,106014,57,3231983,"{""en"":4}","['shmoopsotternonsense', 'wabalabalam', 'blacklotusgodking', 'mellowhorizons']","['ShmoopsOtterNonsense', 'Wabalabalam', 'BlacklotusGodking', 'mellowhorizons']","['420FriendlyStreamer', 'AMA', 'Chatty', 'DisabledVeteran', 'English', 'LGBTQIAAlly', 'Mature', 'MentalHealthHaven', 'Vtuber', 'chatty', 'chill']"
23-06-02 032420(hhmmss KST),BATTLETECH,4,106389,57,3253133,"{""en"":4}","['shmoopsotternonsense', 'wabalabalam', 'blacklotusgodking', 'mellowhorizons']","['ShmoopsOtterNonsense', 'Wabalabalam', 'BlacklotusGodking', 'mellowhorizons']","['420FriendlyStreamer', 'AMA', 'Chatty', 'DisabledVeteran', 'English', 'LGBTQIAAlly', 'Mature', 'MentalHealthHaven', 'Vtuber', 'chatty', 'chill']"
23-06-02 033926(hhmmss KST),BATTLETECH,4,108795,62,3255316,"{""en"":4}","['shmoopsotternonsense', 'wabalabalam', 'blacklotusgodking', 'mellowhorizons']","['ShmoopsOtterNonsense', 'Wabalabalam', 'BlacklotusGodking', 'mellowhorizons']","['420FriendlyStreamer', 'AMA', 'Chatty', 'DisabledVeteran', 'English', 'LGBTQIAAlly', 'Mature', 'MentalHealthHaven', 'Vtuber', 'chatty', 'chill']"
23-06-02 034338(hhmmss KST),BATTLETECH,6,109584,63,3298373,"{""en"":6}","['shmoopsotternonsense', 'wabalabalam', 'blacklotusgodking', 'mechagm', 'mellowhorizons', 'quakeplayinggames']","['ShmoopsOtterNonsense', 'Wabalabalam', 'BlacklotusGodking', 'MechaGM', 'mellowhorizons', 'QuakePlayingGames']","['420FriendlyStreamer', 'AMA', 'BTA3062', 'BattleTechAdvanced3062', 'CasualPlaythrough', 'Chatty', 'DisabledVeteran', 'English', 'HeHim', 'LGBTQIAAlly', 'Mature', 'MentalHealthHaven', 'Modded', 'VTuber', 'Vtuber', 'chatty', 'chill']"
23-06-02 035840(hhmmss KST),BATTLETECH,6,111668,64,3323781,"{""en"":6}","['shmoopsotternonsense', 'wabalabalam', 'mechagm', 'blacklotusgodking', 'quakeplayinggames', 'mellowhorizons']","['ShmoopsOtterNonsense', 'Wabalabalam', 'MechaGM', 'BlacklotusGodking', 'QuakePlayingGames', 'mellowhorizons']","['420FriendlyStreamer', 'AMA', 'BTA3062', 'BattleTechAdvanced3062', 'CasualPlaythrough', 'Chatty', 'DisabledVeteran', 'English', 'HeHim', 'LGBTQIAAlly', 'Mature', 'MentalHealthHaven', 'Modded', 'VTuber', 'Vtuber', 'chatty', 'chill']"
23-06-02 040300(hhmmss KST),BATTLETECH,6,112865,71,3388101,"{""en"":6}","['shmoopsotternonsense', 'wabalabalam', 'blacklotusgodking', 'mechagm', 'mellowhorizons', 'quakeplayinggames']","['ShmoopsOtterNonsense', 'Wabalabalam', 'BlacklotusGodking', 'MechaGM', 'mellowhorizons', 'QuakePlayingGames']","['420FriendlyStreamer', 'AMA', 'BTA3062', 'BattleTechAdvanced3062', 'CasualPlaythrough', 'Chatty', 'DisabledVeteran', 'English', 'HeHim', 'LGBTQIAAlly', 'Mature', 'MentalHealthHaven', 'Modded', 'VTuber', 'Vtuber', 'chatty', 'chill']"
23-06-02 041805(hhmmss KST),BATTLETECH,6,115364,70,3356407,"{""en"":6}","['shmoopsotternonsense', 'wabalabalam', 'mechagm', 'blacklotusgodking', 'mellowhorizons', 'quakeplayinggames']","['ShmoopsOtterNonsense', 'Wabalabalam', 'MechaGM', 'BlacklotusGodking', 'mellowhorizons', 'QuakePlayingGames']","['420FriendlyStreamer', 'AMA', 'BTA3062', 'BattleTechAdvanced3062', 'CasualPlaythrough', 'Chatty', 'DisabledVeteran', 'English', 'HeHim', 'LGBTQIAAlly', 'Mature', 'MentalHealthHaven', 'Modded', 'VTuber', 'Vtuber', 'chatty', 'chill']"
23-06-02 042230(hhmmss KST),BATTLETECH,6,115831,75,3379830,"{""en"":6}","['shmoopsotternonsense', 'wabalabalam', 'mechagm', 'blacklotusgodking', 'mellowhorizons', 'quakeplayinggames']","['ShmoopsOtterNonsense', 'Wabalabalam', 'MechaGM', 'BlacklotusGodking', 'mellowhorizons', 'QuakePlayingGames']","['420FriendlyStreamer', 'AMA', 'BTA3062', 'BattleTechAdvanced3062', 'CasualPlaythrough', 'Chatty', 'DisabledVeteran', 'English', 'HeHim', 'LGBTQIAAlly', 'Mature', 'MentalHealthHaven', 'Modded', 'VTuber', 'Vtuber', 'chatty', 'chill']"
23-06-02 043733(hhmmss KST),BATTLETECH,6,116818,77,3419207,"{""en"":6}","['shmoopsotternonsense', 'mechagm', 'wabalabalam', 'blacklotusgodking', 'mellowhorizons', 'quakeplayinggames']","['ShmoopsOtterNonsense', 'MechaGM', 'Wabalabalam', 'BlacklotusGodking', 'mellowhorizons', 'QuakePlayingGames']","['420FriendlyStreamer', 'AMA', 'BTA3062', 'BattleTechAdvanced3062', 'CasualPlaythrough', 'Chatty', 'DisabledVeteran', 'English', 'HeHim', 'LGBTQIAAlly', 'Mature', 'MentalHealthHaven', 'Modded', 'VTuber', 'Vtuber', 'chatty', 'chill']"
23-06-02 044201(hhmmss KST),BATTLETECH,5,117286,63,3403466,"{""en"":5}","['shmoopsotternonsense', 'mechagm', 'blacklotusgodking', 'mellowhorizons', 'quakeplayinggames']","['ShmoopsOtterNonsense', 'MechaGM', 'BlacklotusGodking', 'mellowhorizons', 'QuakePlayingGames']","['420FriendlyStreamer', 'AMA', 'BTA3062', 'BattleTechAdvanced3062', 'CasualPlaythrough', 'Chatty', 'DisabledVeteran', 'English', 'HeHim', 'LGBTQIAAlly', 'Mature', 'MentalHealthHaven', 'Modded', 'VTuber', 'Vtuber', 'chatty', 'chill']"
23-06-02 045701(hhmmss KST),BATTLETECH,5,117611,67,3421697,"{""en"":5}","['shmoopsotternonsense', 'mechagm', 'blacklotusgodking', 'mellowhorizons', 'quakeplayinggames']","['ShmoopsOtterNonsense', 'MechaGM', 'BlacklotusGodking', 'mellowhorizons', 'QuakePlayingGames']","['420FriendlyStreamer', 'AMA', 'BTA3062', 'BattleTechAdvanced3062', 'CasualPlaythrough', 'Chatty', 'DisabledVeteran', 'English', 'HeHim', 'LGBTQIAAlly', 'Mature', 'MentalHealthHaven', 'Modded', 'VTuber', 'Vtuber', 'chatty', 'chill']"
23-06-02 050130(hhmmss KST),BATTLETECH,5,117408,70,3437341,"{""en"":5}","['shmoopsotternonsense', 'mechagm', 'blacklotusgodking', 'mellowhorizons', 'quakeplayinggames']","['ShmoopsOtterNonsense', 'MechaGM', 'BlacklotusGodking', 'mellowhorizons', 'QuakePlayingGames']","['420FriendlyStreamer', 'AMA', 'BTA3062', 'BattleTechAdvanced3062', 'CasualPlaythrough', 'Chatty', 'DisabledVeteran', 'English', 'HeHim', 'LGBTQIAAlly', 'Mature', 'MentalHealthHaven', 'Modded', 'VTuber', 'Vtuber', 'chatty', 'chill']"
23-06-02 051631(hhmmss KST),BATTLETECH,2,117327,66,3431925,"{""en"":2}","['shmoopsotternonsense', 'mechagm']","['ShmoopsOtterNonsense', 'MechaGM']","['BTA3062', 'BattleTechAdvanced3062', 'CasualPlaythrough', 'Chatty', 'DisabledVeteran', 'English', 'HeHim', 'LGBTQIAAlly', 'MentalHealthHaven', 'Modded', 'VTuber', 'Vtuber']"
23-06-02 052101(hhmmss KST),BATTLETECH,2,117578,63,3441853,"{""en"":2}","['shmoopsotternonsense', 'mechagm']","['ShmoopsOtterNonsense', 'MechaGM']","['BTA3062', 'BattleTechAdvanced3062', 'CasualPlaythrough', 'Chatty', 'DisabledVeteran', 'English', 'HeHim', 'LGBTQIAAlly', 'MentalHealthHaven', 'Modded', 'VTuber', 'Vtuber']"
23-06-02 053601(hhmmss KST),BATTLETECH,2,116596,64,3447346,"{""en"":2}","['shmoopsotternonsense', 'mechagm']","['ShmoopsOtterNonsense', 'MechaGM']","['BTA3062', 'BattleTechAdvanced3062', 'CasualPlaythrough', 'Chatty', 'DisabledVeteran', 'English', 'HeHim', 'LGBTQIAAlly', 'MentalHealthHaven', 'Modded', 'VTuber', 'Vtuber']"
23-06-02 054029(hhmmss KST),BATTLETECH,2,115943,62,3430967,"{""en"":2}","['shmoopsotternonsense', 'mechagm']","['ShmoopsOtterNonsense', 'MechaGM']","['BTA3062', 'BattleTechAdvanced3062', 'CasualPlaythrough', 'Chatty', 'DisabledVeteran', 'English', 'HeHim', 'LGBTQIAAlly', 'MentalHealthHaven', 'Modded', 'VTuber', 'Vtuber']"
23-06-02 055523(hhmmss KST),BATTLETECH,2,114648,67,3381775,"{""en"":2}","['shmoopsotternonsense', 'mechagm']","['ShmoopsOtterNonsense', 'MechaGM']","['BTA3062', 'BattleTechAdvanced3062', 'CasualPlaythrough', 'Chatty', 'DisabledVeteran', 'English', 'HeHim', 'LGBTQIAAlly', 'MentalHealthHaven', 'Modded', 'VTuber', 'Vtuber']"
23-06-02 055949(hhmmss KST),BATTLETECH,2,114280,65,3371909,"{""en"":2}","['shmoopsotternonsense', 'mechagm']","['ShmoopsOtterNonsense', 'MechaGM']","['BTA3062', 'BattleTechAdvanced3062', 'CasualPlaythrough', 'Chatty', 'DisabledVeteran', 'English', 'HeHim', 'LGBTQIAAlly', 'MentalHealthHaven', 'Modded', 'VTuber', 'Vtuber']"
23-06-02 061439(hhmmss KST),BATTLETECH,2,111995,66,3343594,"{""en"":2}","['shmoopsotternonsense', 'mechagm']","['ShmoopsOtterNonsense', 'MechaGM']","['BTA3062', 'BattleTechAdvanced3062', 'CasualPlaythrough', 'Chatty', 'DisabledVeteran', 'English', 'HeHim', 'LGBTQIAAlly', 'MentalHealthHaven', 'Modded', 'VTuber', 'Vtuber']"
23-06-02 061905(hhmmss KST),BATTLETECH,2,111509,62,3353190,"{""en"":2}","['shmoopsotternonsense', 'mechagm']","['ShmoopsOtterNonsense', 'MechaGM']","['BTA3062', 'BattleTechAdvanced3062', 'CasualPlaythrough', 'Chatty', 'DisabledVeteran', 'English', 'HeHim', 'LGBTQIAAlly', 'MentalHealthHaven', 'Modded', 'VTuber', 'Vtuber']"
23-06-02 063350(hhmmss KST),BATTLETECH,2,109965,63,3375488,"{""en"":2}","['shmoopsotternonsense', 'mechagm']","['ShmoopsOtterNonsense', 'MechaGM']","['BTA3062', 'BattleTechAdvanced3062', 'CasualPlaythrough', 'Chatty', 'DisabledVeteran', 'English', 'HeHim', 'LGBTQIAAlly', 'MentalHealthHaven', 'Modded', 'VTuber', 'Vtuber']"
23-06-02 063814(hhmmss KST),BATTLETECH,2,108933,63,3340498,"{""en"":2}","['shmoopsotternonsense', 'mechagm']","['ShmoopsOtterNonsense', 'MechaGM']","['BTA3062', 'BattleTechAdvanced3062', 'CasualPlaythrough', 'Chatty', 'DisabledVeteran', 'English', 'HeHim', 'LGBTQIAAlly', 'MentalHealthHaven', 'Modded', 'VTuber', 'Vtuber']"
23-06-02 065258(hhmmss KST),BATTLETECH,2,107840,60,3302501,"{""en"":2}","['shmoopsotternonsense', 'mechagm']","['ShmoopsOtterNonsense', 'MechaGM']","['BTA3062', 'BattleTechAdvanced3062', 'CasualPlaythrough', 'Chatty', 'DisabledVeteran', 'English', 'HeHim', 'LGBTQIAAlly', 'MentalHealthHaven', 'Modded', 'VTuber', 'Vtuber']"
23-06-02 065719(hhmmss KST),BATTLETECH,2,106928,61,3302120,"{""en"":2}","['shmoopsotternonsense', 'mechagm']","['ShmoopsOtterNonsense', 'MechaGM']","['BTA3062', 'BattleTechAdvanced3062', 'CasualPlaythrough', 'Chatty', 'DisabledVeteran', 'English', 'HeHim', 'LGBTQIAAlly', 'MentalHealthHaven', 'Modded', 'VTuber', 'Vtuber']"
23-06-02 071202(hhmmss KST),BATTLETECH,1,106933,16,3225798,"{""en"":1}",['mechagm'],['MechaGM'],"['BTA3062', 'BattleTechAdvanced3062', 'CasualPlaythrough', 'English', 'HeHim', 'Modded', 'VTuber']"
23-06-02 071620(hhmmss KST),BATTLETECH,1,106054,17,3201090,"{""en"":1}",['mechagm'],['MechaGM'],"['BTA3062', 'BattleTechAdvanced3062', 'CasualPlaythrough', 'English', 'HeHim', 'Modded', 'VTuber']"
23-06-02 073103(hhmmss KST),BATTLETECH,2,106133,23,3180157,"{""en"":2}","['mechagm', 'bloodydoves']","['MechaGM', 'bloodydoves']","['BTA3062', 'BattleTechAdvanced3062', 'BeardPride', 'CasualPlaythrough', 'English', 'HeHim', 'Modded', 'VTuber']"
23-06-02 073522(hhmmss KST),BATTLETECH,2,105941,32,3209577,"{""en"":2}","['bloodydoves', 'mechagm']","['bloodydoves', 'MechaGM']","['BTA3062', 'BattleTechAdvanced3062', 'BeardPride', 'CasualPlaythrough', 'English', 'HeHim', 'Modded', 'VTuber']"
23-06-02 075007(hhmmss KST),BATTLETECH,2,107158,41,3198789,"{""en"":2}","['bloodydoves', 'mechagm']","['bloodydoves', 'MechaGM']","['BTA3062', 'BattleTechAdvanced3062', 'BeardPride', 'CasualPlaythrough', 'English', 'HeHim', 'Modded', 'VTuber']"
23-06-02 075431(hhmmss KST),BATTLETECH,2,108828,36,3178791,"{""en"":2}","['bloodydoves', 'mechagm']","['bloodydoves', 'MechaGM']","['BTA3062', 'BattleTechAdvanced3062', 'BeardPride', 'CasualPlaythrough', 'English', 'HeHim', 'Modded', 'VTuber']"
23-06-02 080932(hhmmss KST),BATTLETECH,3,116475,49,3162350,"{""en"":3}","['bloodydoves', 'mechagm', 'cropcirclesin']","['bloodydoves', 'MechaGM', 'CropCirclesIN']","['BTA3062', 'BattleTechAdvanced3062', 'BeardPride', 'CasualPlaythrough', 'Chill', 'English', 'HeHim', 'Modded', 'VTuber', 'casual']"
23-06-02 081402(hhmmss KST),BATTLETECH,3,117677,46,3132210,"{""en"":3}","['bloodydoves', 'mechagm', 'cropcirclesin']","['bloodydoves', 'MechaGM', 'CropCirclesIN']","['BTA3062', 'BattleTechAdvanced3062', 'BeardPride', 'CasualPlaythrough', 'Chill', 'English', 'HeHim', 'Modded', 'VTuber', 'casual']"
23-06-02 082902(hhmmss KST),BATTLETECH,3,118954,47,3037852,"{""en"":3}","['bloodydoves', 'mechagm', 'cropcirclesin']","['bloodydoves', 'MechaGM', 'CropCirclesIN']","['BTA3062', 'BattleTechAdvanced3062', 'BeardPride', 'CasualPlaythrough', 'Chill', 'English', 'HeHim', 'Modded', 'VTuber', 'casual']"
23-06-02 083336(hhmmss KST),BATTLETECH,3,119299,45,3048099,"{""en"":3}","['bloodydoves', 'mechagm', 'cropcirclesin']","['bloodydoves', 'MechaGM', 'CropCirclesIN']","['BTA3062', 'BattleTechAdvanced3062', 'BeardPride', 'CasualPlaythrough', 'Chill', 'English', 'HeHim', 'Modded', 'VTuber', 'casual']"
23-06-02 084833(hhmmss KST),BATTLETECH,2,119885,45,2962618,"{""en"":2}","['bloodydoves', 'cropcirclesin']","['bloodydoves', 'CropCirclesIN']","['BTA3062', 'BeardPride', 'Chill', 'English', 'Modded', 'casual']"
23-06-02 085310(hhmmss KST),BATTLETECH,2,119910,44,2938151,"{""en"":2}","['bloodydoves', 'cropcirclesin']","['bloodydoves', 'CropCirclesIN']","['BTA3062', 'BeardPride', 'Chill', 'English', 'Modded', 'casual']"
23-06-02 090816(hhmmss KST),BATTLETECH,2,122205,46,2878678,"{""en"":2}","['bloodydoves', 'cropcirclesin']","['bloodydoves', 'CropCirclesIN']","['BTA3062', 'BeardPride', 'Chill', 'English', 'Modded', 'casual']"
23-06-02 091300(hhmmss KST),BATTLETECH,2,123552,48,2870564,"{""en"":2}","['bloodydoves', 'cropcirclesin']","['bloodydoves', 'CropCirclesIN']","['BTA3062', 'BeardPride', 'Chill', 'English', 'Modded', 'casual']"
23-06-02 092757(hhmmss KST),BATTLETECH,1,124022,44,2784106,"{""en"":1}",['bloodydoves'],['bloodydoves'],"['BTA3062', 'BeardPride', 'English', 'Modded']"
23-06-02 093245(hhmmss KST),BATTLETECH,1,124395,38,2749410,"{""en"":1}",['bloodydoves'],['bloodydoves'],"['BTA3062', 'BeardPride', 'English', 'Modded']"
23-06-02 094742(hhmmss KST),BATTLETECH,0,125234,0,2713761,{},[],[],[]
23-06-02 095231(hhmmss KST),BATTLETECH,0,125115,0,2722108,{},[],[],[]
23-06-02 100734(hhmmss KST),BATTLETECH,0,126615,0,2644952,{},[],[],[]
23-06-02 101230(hhmmss KST),BATTLETECH,0,127280,0,2643948,{},[],[],[]
23-06-02 102731(hhmmss KST),BATTLETECH,0,127438,0,2587973,{},[],[],[]
23-06-02 103225(hhmmss KST),BATTLETECH,1,127758,4,2587861,"{""en"":1}",['hbft_gaming'],['HBFT_Gaming'],['English']
23-06-02 105218(hhmmss KST),BATTLETECH,2,127361,26,2542696,"{""en"":2}","['hbft_gaming', 'stolenfires']","['HBFT_Gaming', 'StolenFires']","['English', 'battlemech', 'mechwarrior', 'rpg', 'tabletop']"
23-06-02 110715(hhmmss KST),BATTLETECH,3,127000,37,2550556,"{""en"":3}","['hbft_gaming', 'corevessel', 'stolenfires']","['HBFT_Gaming', 'CoreVessel', 'StolenFires']","['DLCFirstRun', 'English', 'battlemech', 'mechwarrior', 'rpg', 'tabletop']"
23-06-02 111212(hhmmss KST),BATTLETECH,3,126882,44,2494574,"{""en"":3}","['hbft_gaming', 'corevessel', 'stolenfires']","['HBFT_Gaming', 'CoreVessel', 'StolenFires']","['DLCFirstRun', 'English', 'battlemech', 'mechwarrior', 'rpg', 'tabletop']"
23-06-02 112706(hhmmss KST),BATTLETECH,4,125907,60,2489161,"{""en"":4}","['hbft_gaming', 'toastnwaffles', 'corevessel', 'stolenfires']","['HBFT_Gaming', 'ToasTnWaFFLeS', 'CoreVessel', 'StolenFires']","['ADHD', 'ChillStream', 'DLCFirstRun', 'English', 'Screamer', 'battlemech', 'mechwarrior', 'rpg', 'tabletop']"
23-06-02 113202(hhmmss KST),BATTLETECH,4,125751,69,2483140,"{""en"":4}","['hbft_gaming', 'toastnwaffles', 'corevessel', 'stolenfires']","['HBFT_Gaming', 'ToasTnWaFFLeS', 'CoreVessel', 'StolenFires']","['ADHD', 'ChillStream', 'DLCFirstRun', 'English', 'Screamer', 'battlemech', 'mechwarrior', 'rpg', 'tabletop']"
23-06-02 114700(hhmmss KST),BATTLETECH,4,123780,63,2441989,"{""en"":4}","['hbft_gaming', 'toastnwaffles', 'corevessel', 'stolenfires']","['HBFT_Gaming', 'ToasTnWaFFLeS', 'CoreVessel', 'StolenFires']","['ADHD', 'ChillStream', 'DLCFirstRun', 'English', 'Screamer', 'battlemech', 'mechwarrior', 'rpg', 'tabletop']"
23-06-02 115147(hhmmss KST),BATTLETECH,4,122845,63,2437616,"{""en"":4}","['hbft_gaming', 'toastnwaffles', 'corevessel', 'stolenfires']","['HBFT_Gaming', 'ToasTnWaFFLeS', 'CoreVessel', 'StolenFires']","['ADHD', 'ChillStream', 'DLCFirstRun', 'English', 'Screamer', 'battlemech', 'mechwarrior', 'rpg', 'tabletop']"
23-06-02 120701(hhmmss KST),BATTLETECH,3,120376,62,2444908,"{""en"":3}","['hbft_gaming', 'toastnwaffles', 'corevessel']","['HBFT_Gaming', 'ToasTnWaFFLeS', 'CoreVessel']","['ADHD', 'ChillStream', 'DLCFirstRun', 'English', 'Screamer']"
23-06-02 121138(hhmmss KST),BATTLETECH,3,119543,63,2435632,"{""en"":3}","['hbft_gaming', 'toastnwaffles', 'corevessel']","['HBFT_Gaming', 'ToasTnWaFFLeS', 'CoreVessel']","['ADHD', 'ChillStream', 'DLCFirstRun', 'English', 'Screamer']"
23-06-02 122706(hhmmss KST),BATTLETECH,3,116229,63,2372821,"{""en"":3}","['hbft_gaming', 'toastnwaffles', 'corevessel']","['HBFT_Gaming', 'ToasTnWaFFLeS', 'CoreVessel']","['ADHD', 'ChillStream', 'DLCFirstRun', 'English', 'Screamer']"
23-06-02 123154(hhmmss KST),BATTLETECH,3,115854,61,2376169,"{""en"":3}","['hbft_gaming', 'toastnwaffles', 'corevessel']","['HBFT_Gaming', 'ToasTnWaFFLeS', 'CoreVessel']","['ADHD', 'ChillStream', 'DLCFirstRun', 'English', 'Screamer']"
23-06-02 124625(hhmmss KST),BATTLETECH,3,113000,60,2317889,"{""en"":3}","['hbft_gaming', 'toastnwaffles', 'corevessel']","['HBFT_Gaming', 'ToasTnWaFFLeS', 'CoreVessel']","['ADHD', 'ChillStream', 'DLCFirstRun', 'English', 'Screamer']"
23-06-02 125113(hhmmss KST),BATTLETECH,4,112111,67,2303844,"{""en"":4}","['hbft_gaming', 'toastnwaffles', 'corevessel', 'brbeeps']","['HBFT_Gaming', 'ToasTnWaFFLeS', 'CoreVessel', 'BRBeeps']","['ADHD', 'ChillStream', 'DLCFirstRun', 'English', 'Screamer', 'Vtuber']"
23-06-02 130538(hhmmss KST),BATTLETECH,4,109707,69,2251143,"{""en"":4}","['hbft_gaming', 'toastnwaffles', 'brbeeps', 'corevessel']","['HBFT_Gaming', 'ToasTnWaFFLeS', 'BRBeeps', 'CoreVessel']","['ADHD', 'ChillStream', 'DLCFirstRun', 'English', 'Screamer', 'Vtuber']"
23-06-02 131019(hhmmss KST),BATTLETECH,4,108418,71,2206004,"{""en"":4}","['hbft_gaming', 'toastnwaffles', 'brbeeps', 'corevessel']","['HBFT_Gaming', 'ToasTnWaFFLeS', 'BRBeeps', 'CoreVessel']","['ADHD', 'ChillStream', 'DLCFirstRun', 'English', 'Screamer', 'Vtuber']"
23-06-02 132440(hhmmss KST),BATTLETECH,5,105406,72,2136130,"{""en"":5}","['hbft_gaming', 'brbeeps', 'toastnwaffles', 'corevessel', 'mrc_pirate_44']","['HBFT_Gaming', 'BRBeeps', 'ToasTnWaFFLeS', 'CoreVessel', 'mrc_pirate_44']","['ADHD', 'ChillStream', 'DLCFirstRun', 'English', 'MRC', 'MasterUnitList', 'Screamer', 'Solaris', 'Vtuber', 'battletech', 'ega', 'mech', 'mechcommander', 'megamek', 'tabletop', 'wargaming']"
23-06-02 132948(hhmmss KST),BATTLETECH,5,103785,74,2112753,"{""en"":5}","['hbft_gaming', 'brbeeps', 'toastnwaffles', 'corevessel', 'mrc_pirate_44']","['HBFT_Gaming', 'BRBeeps', 'ToasTnWaFFLeS', 'CoreVessel', 'mrc_pirate_44']","['ADHD', 'ChillStream', 'DLCFirstRun', 'English', 'MRC', 'MasterUnitList', 'Screamer', 'Solaris', 'Vtuber', 'battletech', 'ega', 'mech', 'mechcommander', 'megamek', 'tabletop', 'wargaming']"
23-06-02 134330(hhmmss KST),BATTLETECH,4,101012,28,2061706,"{""en"":4}","['brbeeps', 'toastnwaffles', 'corevessel', 'mrc_pirate_44']","['BRBeeps', 'ToasTnWaFFLeS', 'CoreVessel', 'mrc_pirate_44']","['ADHD', 'ChillStream', 'DLCFirstRun', 'English', 'MRC', 'MasterUnitList', 'Screamer', 'Solaris', 'Vtuber', 'battletech', 'ega', 'mech', 'mechcommander', 'megamek', 'tabletop', 'wargaming']"
23-06-02 134836(hhmmss KST),BATTLETECH,4,100007,34,2037811,"{""en"":4}","['brbeeps', 'toastnwaffles', 'corevessel', 'mrc_pirate_44']","['BRBeeps', 'ToasTnWaFFLeS', 'CoreVessel', 'mrc_pirate_44']","['ADHD', 'ChillStream', 'DLCFirstRun', 'English', 'MRC', 'MasterUnitList', 'Screamer', 'Solaris', 'Vtuber', 'battletech', 'ega', 'mech', 'mechcommander', 'megamek', 'tabletop', 'wargaming']"
23-06-02 140212(hhmmss KST),BATTLETECH,3,96398,29,1964677,"{""en"":3}","['brbeeps', 'toastnwaffles', 'mrc_pirate_44']","['BRBeeps', 'ToasTnWaFFLeS', 'mrc_pirate_44']","['ADHD', 'ChillStream', 'English', 'MRC', 'MasterUnitList', 'Screamer', 'Solaris', 'Vtuber', 'battletech', 'ega', 'mech', 'mechcommander', 'megamek', 'tabletop', 'wargaming']"
23-06-02 140713(hhmmss KST),BATTLETECH,3,94817,29,1962234,"{""en"":3}","['brbeeps', 'toastnwaffles', 'mrc_pirate_44']","['BRBeeps', 'ToasTnWaFFLeS', 'mrc_pirate_44']","['ADHD', 'ChillStream', 'English', 'MRC', 'MasterUnitList', 'Screamer', 'Solaris', 'Vtuber', 'battletech', 'ega', 'mech', 'mechcommander', 'megamek', 'tabletop', 'wargaming']"
23-06-02 142053(hhmmss KST),BATTLETECH,3,91596,30,1904324,"{""en"":3}","['brbeeps', 'toastnwaffles', 'mrc_pirate_44']","['BRBeeps', 'ToasTnWaFFLeS', 'mrc_pirate_44']","['ADHD', 'ChillStream', 'English', 'MRC', 'MasterUnitList', 'Screamer', 'Solaris', 'Vtuber', 'battletech', 'ega', 'mech', 'mechcommander', 'megamek', 'tabletop', 'wargaming']"
23-06-02 142541(hhmmss KST),BATTLETECH,3,90433,30,1890546,"{""en"":3}","['brbeeps', 'toastnwaffles', 'mrc_pirate_44']","['BRBeeps', 'ToasTnWaFFLeS', 'mrc_pirate_44']","['ADHD', 'ChillStream', 'English', 'MRC', 'MasterUnitList', 'Screamer', 'Solaris', 'Vtuber', 'battletech', 'ega', 'mech', 'mechcommander', 'megamek', 'tabletop', 'wargaming']"
23-06-02 143927(hhmmss KST),BATTLETECH,3,86880,31,1855313,"{""en"":3}","['brbeeps', 'toastnwaffles', 'mrc_pirate_44']","['BRBeeps', 'ToasTnWaFFLeS', 'mrc_pirate_44']","['ADHD', 'ChillStream', 'English', 'MRC', 'MasterUnitList', 'Screamer', 'Solaris', 'Vtuber', 'battletech', 'ega', 'mech', 'mechcommander', 'megamek', 'tabletop', 'wargaming']"
23-06-02 144428(hhmmss KST),BATTLETECH,3,85873,31,1840312,"{""en"":3}","['brbeeps', 'toastnwaffles', 'mrc_pirate_44']","['BRBeeps', 'ToasTnWaFFLeS', 'mrc_pirate_44']","['ADHD', 'ChillStream', 'English', 'MRC', 'MasterUnitList', 'Screamer', 'Solaris', 'Vtuber', 'battletech', 'ega', 'mech', 'mechcommander', 'megamek', 'tabletop', 'wargaming']"
23-06-02 145748(hhmmss KST),BATTLETECH,3,82891,30,1790497,"{""en"":3}","['brbeeps', 'toastnwaffles', 'mrc_pirate_44']","['BRBeeps', 'ToasTnWaFFLeS', 'mrc_pirate_44']","['ADHD', 'ChillStream', 'English', 'MRC', 'MasterUnitList', 'Screamer', 'Solaris', 'Vtuber', 'battletech', 'ega', 'mech', 'mechcommander', 'megamek', 'tabletop', 'wargaming']"
23-06-02 150251(hhmmss KST),BATTLETECH,3,81894,33,1780950,"{""en"":3}","['brbeeps', 'toastnwaffles', 'mrc_pirate_44']","['BRBeeps', 'ToasTnWaFFLeS', 'mrc_pirate_44']","['ADHD', 'ChillStream', 'English', 'MRC', 'MasterUnitList', 'Screamer', 'Solaris', 'Vtuber', 'battletech', 'ega', 'mech', 'mechcommander', 'megamek', 'tabletop', 'wargaming']"
23-06-02 151554(hhmmss KST),BATTLETECH,3,78870,38,1742822,"{""en"":3}","['brbeeps', 'toastnwaffles', 'mrc_pirate_44']","['BRBeeps', 'ToasTnWaFFLeS', 'mrc_pirate_44']","['ADHD', 'ChillStream', 'English', 'MRC', 'MasterUnitList', 'Screamer', 'Solaris', 'Vtuber', 'battletech', 'ega', 'mech', 'mechcommander', 'megamek', 'tabletop', 'wargaming']"
23-06-02 152053(hhmmss KST),BATTLETECH,2,77569,15,1724291,"{""en"":2}","['toastnwaffles', 'mrc_pirate_44']","['ToasTnWaFFLeS', 'mrc_pirate_44']","['ADHD', 'ChillStream', 'English', 'MRC', 'MasterUnitList', 'Screamer', 'Solaris', 'battletech', 'ega', 'mech', 'mechcommander', 'megamek', 'tabletop', 'wargaming']"
23-06-02 153413(hhmmss KST),BATTLETECH,2,74360,15,1664837,"{""en"":2}","['toastnwaffles', 'mrc_pirate_44']","['ToasTnWaFFLeS', 'mrc_pirate_44']","['ADHD', 'ChillStream', 'English', 'MRC', 'MasterUnitList', 'Screamer', 'Solaris', 'battletech', 'ega', 'mech', 'mechcommander', 'megamek', 'tabletop', 'wargaming']"
23-06-02 153852(hhmmss KST),BATTLETECH,2,73844,13,1646709,"{""en"":2}","['toastnwaffles', 'mrc_pirate_44']","['ToasTnWaFFLeS', 'mrc_pirate_44']","['ADHD', 'ChillStream', 'English', 'MRC', 'MasterUnitList', 'Screamer', 'Solaris', 'battletech', 'ega', 'mech', 'mechcommander', 'megamek', 'tabletop', 'wargaming']"
23-06-02 155200(hhmmss KST),BATTLETECH,2,71220,11,1628476,"{""en"":2}","['toastnwaffles', 'mrc_pirate_44']","['ToasTnWaFFLeS', 'mrc_pirate_44']","['ADHD', 'ChillStream', 'English', 'MRC', 'MasterUnitList', 'Screamer', 'Solaris', 'battletech', 'ega', 'mech', 'mechcommander', 'megamek', 'tabletop', 'wargaming']"
23-06-02 155640(hhmmss KST),BATTLETECH,2,70901,10,1626437,"{""en"":2}","['toastnwaffles', 'mrc_pirate_44']","['ToasTnWaFFLeS', 'mrc_pirate_44']","['ADHD', 'ChillStream', 'English', 'MRC', 'MasterUnitList', 'Screamer', 'Solaris', 'battletech', 'ega', 'mech', 'mechcommander', 'megamek', 'tabletop', 'wargaming']"
23-06-02 160944(hhmmss KST),BATTLETECH,2,68550,9,1578482,"{""en"":2}","['toastnwaffles', 'mrc_pirate_44']","['ToasTnWaFFLeS', 'mrc_pirate_44']","['ADHD', 'ChillStream', 'English', 'MRC', 'MasterUnitList', 'Screamer', 'Solaris', 'battletech', 'ega', 'mech', 'mechcommander', 'megamek', 'tabletop', 'wargaming']"
23-06-02 161417(hhmmss KST),BATTLETECH,2,67575,9,1577971,"{""en"":2}","['toastnwaffles', 'mrc_pirate_44']","['ToasTnWaFFLeS', 'mrc_pirate_44']","['ADHD', 'ChillStream', 'English', 'MRC', 'MasterUnitList', 'Screamer', 'Solaris', 'battletech', 'ega', 'mech', 'mechcommander', 'megamek', 'tabletop', 'wargaming']"
23-06-02 162713(hhmmss KST),BATTLETECH,2,65566,10,1588605,"{""en"":2}","['toastnwaffles', 'mrc_pirate_44']","['ToasTnWaFFLeS', 'mrc_pirate_44']","['ADHD', 'ChillStream', 'English', 'MRC', 'MasterUnitList', 'Screamer', 'Solaris', 'battletech', 'ega', 'mech', 'mechcommander', 'megamek', 'tabletop', 'wargaming']"
23-06-02 163144(hhmmss KST),BATTLETECH,2,65119,10,1589723,"{""en"":2}","['toastnwaffles', 'mrc_pirate_44']","['ToasTnWaFFLeS', 'mrc_pirate_44']","['ADHD', 'ChillStream', 'English', 'MRC', 'MasterUnitList', 'Screamer', 'Solaris', 'battletech', 'ega', 'mech', 'mechcommander', 'megamek', 'tabletop', 'wargaming']"
23-06-02 164441(hhmmss KST),BATTLETECH,0,63509,0,1589096,{},[],[],[]
23-06-02 164915(hhmmss KST),BATTLETECH,0,62646,0,1597017,{},[],[],[]
23-06-02 170201(hhmmss KST),BATTLETECH,0,61662,0,1557551,{},[],[],[]
23-06-02 170636(hhmmss KST),BATTLETECH,0,61403,0,1550304,{},[],[],[]
23-06-02 171917(hhmmss KST),BATTLETECH,0,60212,0,1560921,{},[],[],[]
23-06-02 172357(hhmmss KST),BATTLETECH,0,59782,0,1569673,{},[],[],[]
23-06-02 173632(hhmmss KST),BATTLETECH,0,58885,0,1561325,{},[],[],[]
23-06-02 174110(hhmmss KST),BATTLETECH,0,58618,0,1560894,{},[],[],[]
23-06-02 175342(hhmmss KST),BATTLETECH,0,57928,0,1574349,{},[],[],[]
23-06-02 175819(hhmmss KST),BATTLETECH,0,57516,0,1589611,{},[],[],[]
23-06-02 181051(hhmmss KST),BATTLETECH,0,57366,0,1546834,{},[],[],[]
23-06-02 181527(hhmmss KST),BATTLETECH,0,56798,0,1544352,{},[],[],[]
23-06-02 182759(hhmmss KST),BATTLETECH,0,56208,0,1595873,{},[],[],[]
23-06-02 183242(hhmmss KST),BATTLETECH,0,56330,0,1618436,{},[],[],[]
23-06-02 184515(hhmmss KST),BATTLETECH,0,55735,0,1633649,{},[],[],[]
23-06-02 184948(hhmmss KST),BATTLETECH,0,55815,0,1625312,{},[],[],[]
23-06-02 190227(hhmmss KST),BATTLETECH,0,56049,0,1682076,{},[],[],[]
23-06-02 190656(hhmmss KST),BATTLETECH,0,56320,0,1664546,{},[],[],[]
23-06-02 191936(hhmmss KST),BATTLETECH,0,56294,0,1688280,{},[],[],[]
23-06-02 192403(hhmmss KST),BATTLETECH,0,56125,0,1694627,{},[],[],[]
23-06-02 193645(hhmmss KST),BATTLETECH,0,56748,0,1718074,{},[],[],[]
23-06-02 194113(hhmmss KST),BATTLETECH,0,56752,0,1745530,{},[],[],[]
23-06-02 195358(hhmmss KST),BATTLETECH,0,57516,0,1781826,{},[],[],[]
23-06-02 195827(hhmmss KST),BATTLETECH,0,58101,0,1797353,{},[],[],[]
23-06-02 201113(hhmmss KST),BATTLETECH,1,59219,1,1844184,"{""en"":1}",['aaahgaming'],['AAAHGaming'],"['Battletech', 'BritishRedCross', 'Charity', 'English', 'Mech', 'Mechcommander', 'Mechs', 'Mechwarrior', 'Strategy', 'scifi']"
23-06-02 201546(hhmmss KST),BATTLETECH,1,60360,1,1850958,"{""en"":1}",['aaahgaming'],['AAAHGaming'],"['Battletech', 'BritishRedCross', 'Charity', 'English', 'Mech', 'Mechcommander', 'Mechs', 'Mechwarrior', 'Strategy', 'scifi']"
23-06-02 202834(hhmmss KST),BATTLETECH,1,61240,1,1907823,"{""en"":1}",['aaahgaming'],['AAAHGaming'],"['Battletech', 'BritishRedCross', 'Charity', 'English', 'Mech', 'Mechcommander', 'Mechs', 'Mechwarrior', 'Strategy', 'scifi']"
23-06-02 203306(hhmmss KST),BATTLETECH,0,61529,0,1924461,{},[],[],[]
23-06-02 204601(hhmmss KST),BATTLETECH,1,63183,1,1980936,"{""en"":1}",['aaahgaming'],['AAAHGaming'],"['Battletech', 'BritishRedCross', 'Charity', 'English', 'Mech', 'Mechcommander', 'Mechs', 'Mechwarrior', 'Strategy', 'scifi']"
23-06-02 205035(hhmmss KST),BATTLETECH,1,63969,1,1999153,"{""en"":1}",['aaahgaming'],['AAAHGaming'],"['Battletech', 'BritishRedCross', 'Charity', 'English', 'Mech', 'Mechcommander', 'Mechs', 'Mechwarrior', 'Strategy', 'scifi']"
23-06-02 210337(hhmmss KST),BATTLETECH,2,66813,2,2048290,"{""en"":2}","['aaahgaming', 'monsieurwronge']","['AAAHGaming', 'MonsieurWronge']","['Battletech', 'BritishRedCross', 'Charity', 'Deutsch', 'Educational', 'English', 'Francais', 'HavingMoments', 'Mech', 'Mechcommander', 'Mechdoctor', 'Mechpilot', 'Mechs', 'Mechwarrior', 'Minimapshower', 'PlayingWithViewers', 'Saltmining', 'Strategy', 'Tourette', 'scifi']"
23-06-02 210810(hhmmss KST),BATTLETECH,2,67096,2,2067960,"{""en"":2}","['monsieurwronge', 'aaahgaming']","['MonsieurWronge', 'AAAHGaming']","['Battletech', 'BritishRedCross', 'Charity', 'Deutsch', 'Educational', 'English', 'Francais', 'HavingMoments', 'Mech', 'Mechcommander', 'Mechdoctor', 'Mechpilot', 'Mechs', 'Mechwarrior', 'Minimapshower', 'PlayingWithViewers', 'Saltmining', 'Strategy', 'Tourette', 'scifi']"
23-06-02 212119(hhmmss KST),BATTLETECH,2,69339,2,2104341,"{""en"":2}","['monsieurwronge', 'aaahgaming']","['MonsieurWronge', 'AAAHGaming']","['Battletech', 'BritishRedCross', 'Charity', 'Deutsch', 'Educational', 'English', 'Francais', 'HavingMoments', 'Mech', 'Mechcommander', 'Mechdoctor', 'Mechpilot', 'Mechs', 'Mechwarrior', 'Minimapshower', 'PlayingWithViewers', 'Saltmining', 'Strategy', 'Tourette', 'scifi']"
23-06-02 212555(hhmmss KST),BATTLETECH,1,70464,1,2124295,"{""en"":1}",['aaahgaming'],['AAAHGaming'],"['Battletech', 'BritishRedCross', 'Charity', 'English', 'Mech', 'Mechcommander', 'Mechs', 'Mechwarrior', 'Strategy', 'scifi']"
23-06-02 213911(hhmmss KST),BATTLETECH,2,72951,3,2178065,"{""en"":2}","['monsieurwronge', 'aaahgaming']","['MonsieurWronge', 'AAAHGaming']","['Battletech', 'BritishRedCross', 'Charity', 'Deutsch', 'Educational', 'English', 'Francais', 'HavingMoments', 'Mech', 'Mechcommander', 'Mechdoctor', 'Mechpilot', 'Mechs', 'Mechwarrior', 'Minimapshower', 'PlayingWithViewers', 'Saltmining', 'Strategy', 'Tourette', 'scifi']"
23-06-02 214350(hhmmss KST),BATTLETECH,1,74131,2,2144183,"{""en"":1}",['aaahgaming'],['AAAHGaming'],"['Battletech', 'BritishRedCross', 'Charity', 'English', 'Mech', 'Mechcommander', 'Mechs', 'Mechwarrior', 'Strategy', 'scifi']"
23-06-02 215706(hhmmss KST),BATTLETECH,2,75979,4,2229228,"{""en"":2}","['aaahgaming', 'monsieurwronge']","['AAAHGaming', 'MonsieurWronge']","['Battletech', 'BritishRedCross', 'Charity', 'Deutsch', 'Educational', 'English', 'Francais', 'HavingMoments', 'Mech', 'Mechcommander', 'Mechdoctor', 'Mechpilot', 'Mechs', 'Mechwarrior', 'Minimapshower', 'PlayingWithViewers', 'Saltmining', 'Strategy', 'Tourette', 'scifi']"
23-06-02 220152(hhmmss KST),BATTLETECH,2,77897,5,2274149,"{""en"":2}","['aaahgaming', 'monsieurwronge']","['AAAHGaming', 'MonsieurWronge']","['Battletech', 'BritishRedCross', 'Charity', 'Deutsch', 'Educational', 'English', 'Francais', 'HavingMoments', 'Mech', 'Mechcommander', 'Mechdoctor', 'Mechpilot', 'Mechs', 'Mechwarrior', 'Minimapshower', 'PlayingWithViewers', 'Saltmining', 'Strategy', 'Tourette', 'scifi']"
23-06-02 221512(hhmmss KST),BATTLETECH,3,80330,11,2328922,"{""en"":3}","['osaka_jack', 'guppyczar', 'monsieurwronge']","['Osaka_Jack', 'guppyczar', 'MonsieurWronge']","['AfterWorkStream', 'Casual', 'DLC', 'Deutsch', 'Educational', 'English', 'Francais', 'HavingMoments', 'Japan', 'Mechdoctor', 'Mechpilot', 'Minimapshower', 'PlayingWithViewers', 'Relaxed', 'Saltmining', 'SlowBurn', 'Tourette']"
23-06-02 222001(hhmmss KST),BATTLETECH,3,81739,10,2378414,"{""en"":3}","['osaka_jack', 'monsieurwronge', 'guppyczar']","['Osaka_Jack', 'MonsieurWronge', 'guppyczar']","['AfterWorkStream', 'Casual', 'DLC', 'Deutsch', 'Educational', 'English', 'Francais', 'HavingMoments', 'Japan', 'Mechdoctor', 'Mechpilot', 'Minimapshower', 'PlayingWithViewers', 'Relaxed', 'Saltmining', 'SlowBurn', 'Tourette']"
23-06-02 223334(hhmmss KST),BATTLETECH,3,83845,18,2434926,"{""en"":3}","['osaka_jack', 'guppyczar', 'monsieurwronge']","['Osaka_Jack', 'guppyczar', 'MonsieurWronge']","['AfterWorkStream', 'Casual', 'DLC', 'Deutsch', 'Educational', 'English', 'Francais', 'HavingMoments', 'Japan', 'Mechdoctor', 'Mechpilot', 'Minimapshower', 'PlayingWithViewers', 'Relaxed', 'Saltmining', 'SlowBurn', 'Tourette']"
23-06-02 223824(hhmmss KST),BATTLETECH,3,84384,15,2451360,"{""en"":3}","['guppyczar', 'osaka_jack', 'monsieurwronge']","['guppyczar', 'Osaka_Jack', 'MonsieurWronge']","['AfterWorkStream', 'Casual', 'DLC', 'Deutsch', 'Educational', 'English', 'Francais', 'HavingMoments', 'Japan', 'Mechdoctor', 'Mechpilot', 'Minimapshower', 'PlayingWithViewers', 'Relaxed', 'Saltmining', 'SlowBurn', 'Tourette']"
23-06-02 225153(hhmmss KST),BATTLETECH,3,86846,15,2474002,"{""en"":3}","['guppyczar', 'osaka_jack', 'monsieurwronge']","['guppyczar', 'Osaka_Jack', 'MonsieurWronge']","['AfterWorkStream', 'Casual', 'DLC', 'Deutsch', 'Educational', 'English', 'Francais', 'HavingMoments', 'Japan', 'Mechdoctor', 'Mechpilot', 'Minimapshower', 'PlayingWithViewers', 'Relaxed', 'Saltmining', 'SlowBurn', 'Tourette']"
23-06-02 225648(hhmmss KST),BATTLETECH,3,87502,21,2500046,"{""en"":3}","['osaka_jack', 'guppyczar', 'monsieurwronge']","['Osaka_Jack', 'guppyczar', 'MonsieurWronge']","['AfterWorkStream', 'Casual', 'DLC', 'Deutsch', 'Educational', 'English', 'Francais', 'HavingMoments', 'Japan', 'Mechdoctor', 'Mechpilot', 'Minimapshower', 'PlayingWithViewers', 'Relaxed', 'Saltmining', 'SlowBurn', 'Tourette']"
23-06-02 231021(hhmmss KST),BATTLETECH,2,89699,12,2550638,"{""en"":2}","['guppyczar', 'monsieurwronge']","['guppyczar', 'MonsieurWronge']","['Casual', 'Deutsch', 'Educational', 'English', 'Francais', 'HavingMoments', 'Mechdoctor', 'Mechpilot', 'Minimapshower', 'PlayingWithViewers', 'Saltmining', 'Tourette']"
23-06-02 231517(hhmmss KST),BATTLETECH,2,90432,12,2593745,"{""en"":2}","['guppyczar', 'monsieurwronge']","['guppyczar', 'MonsieurWronge']","['Casual', 'Deutsch', 'Educational', 'English', 'Francais', 'HavingMoments', 'Mechdoctor', 'Mechpilot', 'Minimapshower', 'PlayingWithViewers', 'Saltmining', 'Tourette']"
23-06-02 232852(hhmmss KST),BATTLETECH,2,92203,11,2592174,"{""en"":2}","['guppyczar', 'monsieurwronge']","['guppyczar', 'MonsieurWronge']","['Casual', 'Deutsch', 'Educational', 'English', 'Francais', 'HavingMoments', 'Mechdoctor', 'Mechpilot', 'Minimapshower', 'PlayingWithViewers', 'Saltmining', 'Tourette']"
23-06-02 233351(hhmmss KST),BATTLETECH,2,92826,12,2631163,"{""en"":2}","['guppyczar', 'monsieurwronge']","['guppyczar', 'MonsieurWronge']","['Casual', 'Deutsch', 'Educational', 'English', 'Francais', 'HavingMoments', 'Mechdoctor', 'Mechpilot', 'Minimapshower', 'PlayingWithViewers', 'Saltmining', 'Tourette']"
23-06-02 234726(hhmmss KST),BATTLETECH,2,94026,12,2651795,"{""en"":2}","['guppyczar', 'monsieurwronge']","['guppyczar', 'MonsieurWronge']","['Casual', 'Deutsch', 'Educational', 'English', 'Francais', 'HavingMoments', 'Mechdoctor', 'Mechpilot', 'Minimapshower', 'PlayingWithViewers', 'Saltmining', 'Tourette']"
23-06-02 235226(hhmmss KST),BATTLETECH,2,94355,9,2664224,"{""en"":2}","['guppyczar', 'monsieurwronge']","['guppyczar', 'MonsieurWronge']","['Casual', 'Deutsch', 'Educational', 'English', 'Francais', 'HavingMoments', 'Mechdoctor', 'Mechpilot', 'Minimapshower', 'PlayingWithViewers', 'Saltmining', 'Tourette']"
23-06-03 000607(hhmmss KST),BATTLETECH,2,96029,12,2685779,"{""en"":2}","['guppyczar', 'monsieurwronge']","['guppyczar', 'MonsieurWronge']","['Casual', 'Deutsch', 'Educational', 'English', 'Francais', 'HavingMoments', 'Mechdoctor', 'Mechpilot', 'Minimapshower', 'PlayingWithViewers', 'Saltmining', 'Tourette']"
23-06-03 001108(hhmmss KST),BATTLETECH,2,96525,12,2684498,"{""en"":2}","['guppyczar', 'monsieurwronge']","['guppyczar', 'MonsieurWronge']","['Casual', 'Deutsch', 'Educational', 'English', 'Francais', 'HavingMoments', 'Mechdoctor', 'Mechpilot', 'Minimapshower', 'PlayingWithViewers', 'Saltmining', 'Tourette']"
23-06-03 002450(hhmmss KST),BATTLETECH,2,97748,14,2769252,"{""en"":2}","['guppyczar', 'monsieurwronge']","['guppyczar', 'MonsieurWronge']","['Casual', 'Deutsch', 'Educational', 'English', 'Francais', 'HavingMoments', 'Mechdoctor', 'Mechpilot', 'Minimapshower', 'PlayingWithViewers', 'Saltmining', 'Tourette']"
23-06-03 002953(hhmmss KST),BATTLETECH,2,98262,14,2829358,"{""en"":2}","['guppyczar', 'monsieurwronge']","['guppyczar', 'MonsieurWronge']","['Casual', 'Deutsch', 'Educational', 'English', 'Francais', 'HavingMoments', 'Mechdoctor', 'Mechpilot', 'Minimapshower', 'PlayingWithViewers', 'Saltmining', 'Tourette']"
23-06-03 004338(hhmmss KST),BATTLETECH,2,98878,13,2873276,"{""en"":2}","['guppyczar', 'monsieurwronge']","['guppyczar', 'MonsieurWronge']","['Casual', 'Deutsch', 'Educational', 'English', 'Francais', 'HavingMoments', 'Mechdoctor', 'Mechpilot', 'Minimapshower', 'PlayingWithViewers', 'Saltmining', 'Tourette']"
23-06-03 004840(hhmmss KST),BATTLETECH,2,99078,11,2886949,"{""en"":2}","['guppyczar', 'monsieurwronge']","['guppyczar', 'MonsieurWronge']","['Casual', 'Deutsch', 'Educational', 'English', 'Francais', 'HavingMoments', 'Mechdoctor', 'Mechpilot', 'Minimapshower', 'PlayingWithViewers', 'Saltmining', 'Tourette']"
23-06-03 010231(hhmmss KST),BATTLETECH,2,100642,12,2937339,"{""en"":2}","['guppyczar', 'monsieurwronge']","['guppyczar', 'MonsieurWronge']","['Casual', 'Deutsch', 'Educational', 'English', 'Francais', 'HavingMoments', 'Mechdoctor', 'Mechpilot', 'Minimapshower', 'PlayingWithViewers', 'Saltmining', 'Tourette']"
23-06-03 010733(hhmmss KST),BATTLETECH,2,101538,12,2897467,"{""en"":2}","['guppyczar', 'monsieurwronge']","['guppyczar', 'MonsieurWronge']","['Casual', 'Deutsch', 'Educational', 'English', 'Francais', 'HavingMoments', 'Mechdoctor', 'Mechpilot', 'Minimapshower', 'PlayingWithViewers', 'Saltmining', 'Tourette']"
23-06-03 012126(hhmmss KST),BATTLETECH,1,102750,2,2994150,"{""en"":1}",['monsieurwronge'],['MonsieurWronge'],"['Deutsch', 'Educational', 'Francais', 'HavingMoments', 'Mechdoctor', 'Mechpilot', 'Minimapshower', 'PlayingWithViewers', 'Saltmining', 'Tourette']"
23-06-03 012628(hhmmss KST),BATTLETECH,1,102661,2,3007153,"{""en"":1}",['monsieurwronge'],['MonsieurWronge'],"['Deutsch', 'Educational', 'Francais', 'HavingMoments', 'Mechdoctor', 'Mechpilot', 'Minimapshower', 'PlayingWithViewers', 'Saltmining', 'Tourette']"
23-06-03 014023(hhmmss KST),BATTLETECH,1,104044,3,3085249,"{""en"":1}",['monsieurwronge'],['MonsieurWronge'],"['Deutsch', 'Educational', 'Francais', 'HavingMoments', 'Mechdoctor', 'Mechpilot', 'Minimapshower', 'PlayingWithViewers', 'Saltmining', 'Tourette']"
23-06-03 014527(hhmmss KST),BATTLETECH,1,104522,3,3097283,"{""en"":1}",['monsieurwronge'],['MonsieurWronge'],"['Deutsch', 'Educational', 'Francais', 'HavingMoments', 'Mechdoctor', 'Mechpilot', 'Minimapshower', 'PlayingWithViewers', 'Saltmining', 'Tourette']"
23-06-03 015929(hhmmss KST),BATTLETECH,2,106058,5,3134572,"{""en"":2}","['monsieurwronge', 'thumperknox']","['MonsieurWronge', 'ThumperKnox']","['Aussie', 'Deutsch', 'Educational', 'Francais', 'Gamerlife', 'HavingMoments', 'IlKhan', 'Mechdoctor', 'Mechpilot', 'Merclife', 'Minimapshower', 'PlayingWithViewers', 'Saltmining', 'Tourette']"
23-06-03 020439(hhmmss KST),BATTLETECH,1,107961,2,3168687,"{""en"":1}",['monsieurwronge'],['MonsieurWronge'],"['Deutsch', 'Educational', 'Francais', 'HavingMoments', 'Mechdoctor', 'Mechpilot', 'Minimapshower', 'PlayingWithViewers', 'Saltmining', 'Tourette']"
23-06-03 021841(hhmmss KST),BATTLETECH,2,109744,4,3178763,"{""en"":2}","['thumperknox', 'monsieurwronge']","['ThumperKnox', 'MonsieurWronge']","['Aussie', 'Deutsch', 'Educational', 'Francais', 'Gamerlife', 'HavingMoments', 'IlKhan', 'Mechdoctor', 'Mechpilot', 'Merclife', 'Minimapshower', 'PlayingWithViewers', 'Saltmining', 'Tourette']"
23-06-03 022355(hhmmss KST),BATTLETECH,2,110432,4,3242337,"{""en"":2}","['thumperknox', 'monsieurwronge']","['ThumperKnox', 'MonsieurWronge']","['Aussie', 'Deutsch', 'Educational', 'Francais', 'Gamerlife', 'HavingMoments', 'IlKhan', 'Mechdoctor', 'Mechpilot', 'Merclife', 'Minimapshower', 'PlayingWithViewers', 'Saltmining', 'Tourette']"
23-06-03 023801(hhmmss KST),BATTLETECH,1,111273,2,3301939,"{""en"":1}",['monsieurwronge'],['MonsieurWronge'],"['Deutsch', 'Educational', 'Francais', 'HavingMoments', 'Mechdoctor', 'Mechpilot', 'Minimapshower', 'PlayingWithViewers', 'Saltmining', 'Tourette']"
23-06-03 024312(hhmmss KST),BATTLETECH,1,111303,2,3318961,"{""en"":1}",['monsieurwronge'],['MonsieurWronge'],"['Deutsch', 'Educational', 'Francais', 'HavingMoments', 'Mechdoctor', 'Mechpilot', 'Minimapshower', 'PlayingWithViewers', 'Saltmining', 'Tourette']"
23-06-03 025721(hhmmss KST),BATTLETECH,1,112949,1,3332210,"{""en"":1}",['monsieurwronge'],['MonsieurWronge'],"['Deutsch', 'Educational', 'Francais', 'HavingMoments', 'Mechdoctor', 'Mechpilot', 'Minimapshower', 'PlayingWithViewers', 'Saltmining', 'Tourette']"
23-06-03 030239(hhmmss KST),BATTLETECH,1,114732,1,3336435,"{""en"":1}",['monsieurwronge'],['MonsieurWronge'],"['Deutsch', 'Educational', 'Francais', 'HavingMoments', 'Mechdoctor', 'Mechpilot', 'Minimapshower', 'PlayingWithViewers', 'Saltmining', 'Tourette']"
23-06-03 031652(hhmmss KST),BATTLETECH,1,117465,1,3399612,"{""en"":1}",['monsieurwronge'],['MonsieurWronge'],"['Deutsch', 'Educational', 'Francais', 'HavingMoments', 'Mechdoctor', 'Mechpilot', 'Minimapshower', 'PlayingWithViewers', 'Saltmining', 'Tourette']"
23-06-03 032215(hhmmss KST),BATTLETECH,1,117853,2,3443405,"{""en"":1}",['monsieurwronge'],['MonsieurWronge'],"['Deutsch', 'Educational', 'Francais', 'HavingMoments', 'Mechdoctor', 'Mechpilot', 'Minimapshower', 'PlayingWithViewers', 'Saltmining', 'Tourette']"
23-06-03 033627(hhmmss KST),BATTLETECH,0,119988,0,3446371,{},[],[],[]
23-06-03 034152(hhmmss KST),BATTLETECH,0,121117,0,3498079,{},[],[],[]
23-06-03 035610(hhmmss KST),BATTLETECH,0,122503,0,3566704,{},[],[],[]
23-06-03 040139(hhmmss KST),BATTLETECH,0,123898,0,3586270,{},[],[],[]
23-06-03 041535(hhmmss KST),BATTLETECH,1,127226,2,3604138,"{""en"":1}",['blarkytopia'],['blarkytopia'],"['Battletech', 'CharityFundraiser', 'CharityStream', 'English', 'WoundedWarriorProject']"
23-06-03 042104(hhmmss KST),BATTLETECH,1,128152,3,3616891,"{""en"":1}",['blarkytopia'],['blarkytopia'],"['Battletech', 'CharityFundraiser', 'CharityStream', 'English', 'WoundedWarriorProject']"
23-06-03 043505(hhmmss KST),BATTLETECH,1,129561,3,3628821,"{""en"":1}",['blarkytopia'],['blarkytopia'],"['Battletech', 'CharityFundraiser', 'CharityStream', 'English', 'WoundedWarriorProject']"
23-06-03 044033(hhmmss KST),BATTLETECH,1,129532,2,3609729,"{""en"":1}",['blarkytopia'],['blarkytopia'],"['Battletech', 'CharityFundraiser', 'CharityStream', 'English', 'WoundedWarriorProject']"
23-06-03 045436(hhmmss KST),BATTLETECH,1,130088,2,3645510,"{""en"":1}",['blarkytopia'],['blarkytopia'],"['Battletech', 'CharityFundraiser', 'CharityStream', 'English', 'WoundedWarriorProject']"
23-06-03 050006(hhmmss KST),BATTLETECH,0,130931,0,3639477,{},[],[],[]
23-06-03 051408(hhmmss KST),BATTLETECH,1,131266,2,3664923,"{""en"":1}",['blarkytopia'],['blarkytopia'],"['Battletech', 'CharityFundraiser', 'CharityStream', 'English', 'WoundedWarriorProject']"
23-06-03 051938(hhmmss KST),BATTLETECH,1,131390,2,3651183,"{""en"":1}",['blarkytopia'],['blarkytopia'],"['Battletech', 'CharityFundraiser', 'CharityStream', 'English', 'WoundedWarriorProject']"
23-06-03 053341(hhmmss KST),BATTLETECH,1,130765,4,3607235,"{""en"":1}",['blarkytopia'],['blarkytopia'],"['Battletech', 'CharityFundraiser', 'CharityStream', 'English', 'WoundedWarriorProject']"
23-06-03 053910(hhmmss KST),BATTLETECH,1,130572,4,3555035,"{""en"":1}",['blarkytopia'],['blarkytopia'],"['Battletech', 'CharityFundraiser', 'CharityStream', 'English', 'WoundedWarriorProject']"
23-06-03 055310(hhmmss KST),BATTLETECH,1,129836,5,3567479,"{""en"":1}",['blarkytopia'],['blarkytopia'],"['Battletech', 'CharityFundraiser', 'CharityStream', 'English', 'WoundedWarriorProject']"
23-06-03 055840(hhmmss KST),BATTLETECH,1,129879,6,3575064,"{""en"":1}",['blarkytopia'],['blarkytopia'],"['Battletech', 'CharityFundraiser', 'CharityStream', 'English', 'WoundedWarriorProject']"
23-06-03 061237(hhmmss KST),BATTLETECH,2,129518,6,3612283,"{""en"":2}","['blarkytopia', 'donaldbshaw']","['blarkytopia', 'donaldBshaw']","['Ambien', 'Battletech', 'CharityFundraiser', 'CharityStream', 'English', 'WoundedWarriorProject', 'me', 'send']"
23-06-03 061811(hhmmss KST),BATTLETECH,2,128703,6,3591847,"{""en"":2}","['blarkytopia', 'donaldbshaw']","['blarkytopia', 'donaldBshaw']","['Ambien', 'Battletech', 'CharityFundraiser', 'CharityStream', 'English', 'WoundedWarriorProject', 'me', 'send']"
23-06-03 063202(hhmmss KST),BATTLETECH,2,127932,9,3425772,"{""en"":2}","['blarkytopia', 'donaldbshaw']","['blarkytopia', 'donaldBshaw']","['Ambien', 'Battletech', 'CharityFundraiser', 'CharityStream', 'English', 'WoundedWarriorProject', 'me', 'send']"
23-06-03 063733(hhmmss KST),BATTLETECH,2,127071,7,3399305,"{""en"":2}","['blarkytopia', 'donaldbshaw']","['blarkytopia', 'donaldBshaw']","['Ambien', 'Battletech', 'CharityFundraiser', 'CharityStream', 'English', 'WoundedWarriorProject', 'me', 'send']"
23-06-03 065120(hhmmss KST),BATTLETECH,3,125387,15,3344349,"{""en"":3}","['sixsidesofgaming', 'blarkytopia', 'donaldbshaw']","['SixSidesofGaming', 'blarkytopia', 'donaldBshaw']","['Ambien', 'Battletech', 'CharityFundraiser', 'CharityStream', 'DungeonsandDragons', 'English', 'TTRPG', 'WoundedWarriorProject', 'me', 'send']"
23-06-03 065652(hhmmss KST),BATTLETECH,3,125098,16,3307789,"{""en"":3}","['sixsidesofgaming', 'blarkytopia', 'donaldbshaw']","['SixSidesofGaming', 'blarkytopia', 'donaldBshaw']","['Ambien', 'Battletech', 'CharityFundraiser', 'CharityStream', 'DungeonsandDragons', 'English', 'TTRPG', 'WoundedWarriorProject', 'me', 'send']"
23-06-03 071038(hhmmss KST),BATTLETECH,2,124094,21,3247711,"{""en"":2}","['sixsidesofgaming', 'blarkytopia']","['SixSidesofGaming', 'blarkytopia']","['Battletech', 'CharityFundraiser', 'CharityStream', 'DungeonsandDragons', 'English', 'TTRPG', 'WoundedWarriorProject']"
23-06-03 071608(hhmmss KST),BATTLETECH,2,123463,20,3241053,"{""en"":2}","['sixsidesofgaming', 'blarkytopia']","['SixSidesofGaming', 'blarkytopia']","['Battletech', 'CharityFundraiser', 'CharityStream', 'DungeonsandDragons', 'English', 'TTRPG', 'WoundedWarriorProject']"
23-06-03 072950(hhmmss KST),BATTLETECH,2,122088,20,3188148,"{""en"":2}","['sixsidesofgaming', 'blarkytopia']","['SixSidesofGaming', 'blarkytopia']","['Battletech', 'CharityFundraiser', 'CharityStream', 'DungeonsandDragons', 'English', 'TTRPG', 'WoundedWarriorProject']"
23-06-03 073518(hhmmss KST),BATTLETECH,2,121475,20,3168551,"{""en"":2}","['sixsidesofgaming', 'blarkytopia']","['SixSidesofGaming', 'blarkytopia']","['Battletech', 'CharityFundraiser', 'CharityStream', 'DungeonsandDragons', 'English', 'TTRPG', 'WoundedWarriorProject']"
23-06-03 074859(hhmmss KST),BATTLETECH,2,120389,20,3078787,"{""en"":2}","['sixsidesofgaming', 'blarkytopia']","['SixSidesofGaming', 'blarkytopia']","['Battletech', 'CharityFundraiser', 'CharityStream', 'DungeonsandDragons', 'English', 'TTRPG', 'WoundedWarriorProject']"
23-06-03 075425(hhmmss KST),BATTLETECH,2,120200,17,3071227,"{""en"":2}","['sixsidesofgaming', 'blarkytopia']","['SixSidesofGaming', 'blarkytopia']","['Battletech', 'CharityFundraiser', 'CharityStream', 'DungeonsandDragons', 'English', 'TTRPG', 'WoundedWarriorProject']"
23-06-03 080807(hhmmss KST),BATTLETECH,3,120110,24,3014190,"{""en"":3}","['sixsidesofgaming', 'blarkytopia', 'code_regan']","['SixSidesofGaming', 'blarkytopia', 'code_regan']","['Battletech', 'CharityFundraiser', 'CharityStream', 'DungeonsandDragons', 'English', 'TTRPG', 'WoundedWarriorProject', 'challengerun']"
23-06-03 081331(hhmmss KST),BATTLETECH,3,119915,22,3012577,"{""en"":3}","['sixsidesofgaming', 'blarkytopia', 'code_regan']","['SixSidesofGaming', 'blarkytopia', 'code_regan']","['Battletech', 'CharityFundraiser', 'CharityStream', 'DungeonsandDragons', 'English', 'Robotics', 'TTRPG', 'WoundedWarriorProject', 'firsttimer']"
23-06-03 082710(hhmmss KST),BATTLETECH,3,119017,26,2946936,"{""en"":3}","['sixsidesofgaming', 'code_regan', 'blarkytopia']","['SixSidesofGaming', 'code_regan', 'blarkytopia']","['Battletech', 'CharityFundraiser', 'CharityStream', 'DungeonsandDragons', 'English', 'Robotics', 'TTRPG', 'WoundedWarriorProject', 'firsttimer']"
23-06-03 083238(hhmmss KST),BATTLETECH,4,119007,25,2925956,"{""en"":4}","['sixsidesofgaming', 'blarkytopia', 'code_regan', 'subaveragejoevr']","['SixSidesofGaming', 'blarkytopia', 'code_regan', 'subaveragejoevr']","['Battletech', 'CharityFundraiser', 'CharityStream', 'DungeonsandDragons', 'English', 'Robotics', 'TTRPG', 'WoundedWarriorProject', 'firsttimer', 'hardmode']"
23-06-03 084614(hhmmss KST),BATTLETECH,4,118283,27,2882596,"{""en"":4}","['sixsidesofgaming', 'blarkytopia', 'code_regan', 'subaveragejoevr']","['SixSidesofGaming', 'blarkytopia', 'code_regan', 'subaveragejoevr']","['Battletech', 'CharityFundraiser', 'CharityStream', 'DungeonsandDragons', 'English', 'TTRPG', 'WoundedWarriorProject', 'bigrobot', 'firsttime', 'hardmode']"
23-06-03 085142(hhmmss KST),BATTLETECH,4,118747,32,2832946,"{""en"":4}","['sixsidesofgaming', 'blarkytopia', 'code_regan', 'subaveragejoevr']","['SixSidesofGaming', 'blarkytopia', 'code_regan', 'subaveragejoevr']","['Battletech', 'CharityFundraiser', 'CharityStream', 'DungeonsandDragons', 'English', 'TTRPG', 'WoundedWarriorProject', 'bigrobot', 'firsttime', 'hardmode']"
23-06-03 090525(hhmmss KST),BATTLETECH,3,120196,24,2758563,"{""en"":3}","['sixsidesofgaming', 'code_regan', 'subaveragejoevr']","['SixSidesofGaming', 'code_regan', 'subaveragejoevr']","['DungeonsandDragons', 'English', 'TTRPG', 'bigrobot', 'firsttime', 'hardmode']"
23-06-03 091054(hhmmss KST),BATTLETECH,3,121130,27,2775833,"{""en"":3}","['sixsidesofgaming', 'code_regan', 'subaveragejoevr']","['SixSidesofGaming', 'code_regan', 'subaveragejoevr']","['DungeonsandDragons', 'English', 'TTRPG', 'bigrobot', 'firsttime', 'hardmode']"
23-06-03 092437(hhmmss KST),BATTLETECH,3,121368,27,2771736,"{""en"":3}","['sixsidesofgaming', 'code_regan', 'subaveragejoevr']","['SixSidesofGaming', 'code_regan', 'subaveragejoevr']","['DungeonsandDragons', 'English', 'TTRPG', 'bigrobot', 'firsttime', 'hardmode']"
23-06-03 093004(hhmmss KST),BATTLETECH,3,122063,24,2737608,"{""en"":3}","['sixsidesofgaming', 'code_regan', 'subaveragejoevr']","['SixSidesofGaming', 'code_regan', 'subaveragejoevr']","['DungeonsandDragons', 'English', 'TTRPG', 'bigrobot', 'firsttime', 'hardmode']"
23-06-03 094349(hhmmss KST),BATTLETECH,3,122536,21,2752483,"{""en"":3}","['sixsidesofgaming', 'code_regan', 'subaveragejoevr']","['SixSidesofGaming', 'code_regan', 'subaveragejoevr']","['DungeonsandDragons', 'English', 'TTRPG', 'bigrobot', 'firsttime', 'hardmode']"
23-06-03 094916(hhmmss KST),BATTLETECH,4,122012,27,2758615,"{""en"":4}","['sixsidesofgaming', 'code_regan', 'subaveragejoevr', 'adultcommentary']","['SixSidesofGaming', 'code_regan', 'subaveragejoevr', 'AdultCommentary']","['DungeonsandDragons', 'English', 'TTRPG', 'battetech', 'bigrobot', 'chilled', 'firsttime', 'hardmode', 'mecha', 'veteran', 'vtuber']"
23-06-03 100306(hhmmss KST),BATTLETECH,4,124294,30,2677684,"{""en"":4}","['sixsidesofgaming', 'code_regan', 'subaveragejoevr', 'adultcommentary']","['SixSidesofGaming', 'code_regan', 'subaveragejoevr', 'AdultCommentary']","['DungeonsandDragons', 'English', 'TTRPG', 'battetech', 'bigrobot', 'chilled', 'firsttime', 'hardmode', 'mecha', 'veteran', 'vtuber']"
23-06-03 100831(hhmmss KST),BATTLETECH,4,124727,35,2652458,"{""en"":4}","['sixsidesofgaming', 'code_regan', 'subaveragejoevr', 'adultcommentary']","['SixSidesofGaming', 'code_regan', 'subaveragejoevr', 'AdultCommentary']","['DungeonsandDragons', 'English', 'TTRPG', 'battetech', 'bigrobot', 'chilled', 'firsttime', 'hardmode', 'mecha', 'veteran', 'vtuber']"
23-06-03 102226(hhmmss KST),BATTLETECH,3,125531,29,2702031,"{""en"":3}","['sixsidesofgaming', 'subaveragejoevr', 'adultcommentary']","['SixSidesofGaming', 'subaveragejoevr', 'AdultCommentary']","['DungeonsandDragons', 'English', 'TTRPG', 'battetech', 'chilled', 'hardmode', 'mecha', 'veteran', 'vtuber']"
23-06-03 102753(hhmmss KST),BATTLETECH,5,126182,36,2679258,"{""en"":5}","['sixsidesofgaming', 'code_regan', 'subaveragejoevr', 'adultcommentary', 'sixsidesofgaming']","['SixSidesofGaming', 'code_regan', 'subaveragejoevr', 'AdultCommentary', 'SixSidesofGaming']","['DungeonsandDragons', 'English', 'TTRPG', 'battetech', 'bigrobot', 'chilled', 'firsttime', 'hardmode', 'mecha', 'veteran', 'vtuber']"
23-06-03 104149(hhmmss KST),BATTLETECH,3,127046,8,2688490,"{""en"":3}","['code_regan', 'subaveragejoevr', 'adultcommentary']","['code_regan', 'subaveragejoevr', 'AdultCommentary']","['English', 'battetech', 'bigrobot', 'chilled', 'firsttime', 'hardmode', 'mecha', 'veteran', 'vtuber']"
23-06-03 104715(hhmmss KST),BATTLETECH,3,126714,9,2714805,"{""en"":3}","['code_regan', 'subaveragejoevr', 'adultcommentary']","['code_regan', 'subaveragejoevr', 'AdultCommentary']","['English', 'battetech', 'bigrobot', 'chilled', 'firsttime', 'hardmode', 'mecha', 'veteran', 'vtuber']"
23-06-03 110113(hhmmss KST),BATTLETECH,3,127295,7,2715429,"{""en"":3}","['code_regan', 'subaveragejoevr', 'adultcommentary']","['code_regan', 'subaveragejoevr', 'AdultCommentary']","['English', 'battetech', 'bigrobot', 'chilled', 'firsttime', 'hardmode', 'mecha', 'veteran', 'vtuber']"
23-06-03 110641(hhmmss KST),BATTLETECH,3,128322,7,2662809,"{""en"":3}","['code_regan', 'subaveragejoevr', 'adultcommentary']","['code_regan', 'subaveragejoevr', 'AdultCommentary']","['English', 'battetech', 'bigrobot', 'chilled', 'firsttime', 'hardmode', 'mecha', 'veteran', 'vtuber']"
23-06-03 112038(hhmmss KST),BATTLETECH,1,128660,2,2557366,"{""en"":1}",['adultcommentary'],['AdultCommentary'],"['battetech', 'chilled', 'mecha', 'veteran', 'vtuber']"
23-06-03 112607(hhmmss KST),BATTLETECH,1,128543,2,2536230,"{""en"":1}",['adultcommentary'],['AdultCommentary'],"['battetech', 'chilled', 'mecha', 'veteran', 'vtuber']"
23-06-03 114005(hhmmss KST),BATTLETECH,1,128924,2,2522537,"{""en"":1}",['adultcommentary'],['AdultCommentary'],"['battetech', 'chilled', 'mecha', 'veteran', 'vtuber']"
23-06-03 114532(hhmmss KST),BATTLETECH,1,128580,2,2517698,"{""en"":1}",['sprainedtwitch'],['SprainedTwitch'],[]
23-06-03 115929(hhmmss KST),BATTLETECH,1,127580,4,2462595,"{""en"":1}",['sprainedtwitch'],['SprainedTwitch'],[]
23-06-03 120457(hhmmss KST),BATTLETECH,1,127463,3,2470237,"{""en"":1}",['sprainedtwitch'],['SprainedTwitch'],[]
23-06-03 121852(hhmmss KST),BATTLETECH,0,126282,0,2384796,{},[],[],[]
23-06-03 122416(hhmmss KST),BATTLETECH,0,125283,0,2345411,{},[],[],[]
23-06-03 123809(hhmmss KST),BATTLETECH,1,124186,2,2296584,"{""en"":1}",['sprainedtwitch'],['SprainedTwitch'],[]
23-06-03 124332(hhmmss KST),BATTLETECH,1,123358,2,2286064,"{""en"":1}",['sprainedtwitch'],['SprainedTwitch'],[]
23-06-03 125720(hhmmss KST),BATTLETECH,1,121250,2,2224943,"{""en"":1}",['sprainedtwitch'],['SprainedTwitch'],[]
23-06-03 130243(hhmmss KST),BATTLETECH,0,121086,0,2213016,{},[],[],[]
23-06-03 131624(hhmmss KST),BATTLETECH,0,118376,0,2169425,{},[],[],[]
